Code,Klassifikator,Klassifikator_ru,Klassifikator_en,Klassifikator_uzc,2010,2011,2012,2013,2014,2015,2016,2017,2018,2019,2020,2021,2022,2023,2024,2025
1700,O‘zbekiston Respublikasi,Республика Узбекистан,Republic of Uzbekistan,Ўзбекистон Республикаси,16726.0,17286.4,17564.3,17814.1,18048.0,18276.1,18488.9,18666.3,18829.6,18949.0,19158.2,19334.9,19517.5,19739.6,20085.2,20602.6
1735,Qoraqalpog‘iston Respublikasi,Республика Каракалпакстан,Republic of Karakalpakstan,Қорақалпоғистон Республикаси,945.5,973.8,983.5,996.6,1011.9,1026.6,1042.2,1054.6,1064.8,1063.0,1074.7,1066.1,1067.6,1072.6,1098.6,1142.9
1735401,Nukus shahri,Город Нукус,Nukus city,Нукус шаҳри,158.6,164.8,166.3,168.8,172.2,175.9,178.7,180.8,183.5,182.2,195.0,205.8,214.7,213.7,215.5,226.1
1735204,Amudaryo tumani,Амударьинский район,Amudarya district,Aмударё тумани,95.8,100.0,101.4,102.8,104.2,105.9,107.3,108.6,108.2,107.1,107.7,105.6,105.6,109.7,117.7,117.1
1735207,Beruniy tumani,Берунийский район,Beruniy  district,Беруний тумани,91.7,94.3,95.9,97.0,98.4,100.1,101.9,103.1,107.2,105.9,106.0,103.4,105.3,106.4,107.1,109.7
1735209,Bo‘zatov tumani,Бозатауский район,Bozatau district,Бўзатов тумани,0.0,0.0,0.0,0.0,0.0,0.0,0.0,0.0,0.0,0.0,12.0,12.4,11.8,11.3,11.9,12.3
1735211,Qorao‘zak tumani,Караузякский район,Karauzak district,Қораўзак тумани,26.7,28.0,28.2,28.6,28.9,29.3,29.7,30.0,29.7,29.9,29.2,27.2,27.9,28.1,29.3,26.9
1735212,Kegeyli tumani,Кегейлийский район,Kegeyli district,Кегейли тумани,46.3,47.8,48.1,48.9,49.4,50.2,51.0,51.6,51.3,51.8,39.3,38.5,38.8,38.9,39.8,40.7
1735215,Qo‘ng‘irot tumani,Кунградский район,Kungrad district,Қўнғирот тумани,66.5,67.8,68.2,69.2,70.2,70.9,71.8,72.7,71.9,72.4,73.3,72.6,71.4,73.0,73.6,80.8
1735218,Qanliko‘l tumani,Канлыкульский район,Kanlykul district,Қанликўл тумани,25.5,26.3,26.6,26.8,27.2,27.6,28.1,28.4,29.3,29.4,28.7,28.3,26.0,27.2,27.9,26.3
1735222,Mo‘ynoq tumani,Муйнакский район,Muynak district,Мўйноқ тумани,16.3,16.7,16.8,17.0,17.3,17.3,17.5,17.7,17.3,17.6,17.7,18.3,17.4,17.5,17.7,18.2
1735225,Nukus tumani,Нукусский район,Nukus district,Нукус тумани,26.0,25.5,25.6,25.6,26.0,26.2,26.6,26.9,27.2,26.9,26.9,26.7,28.2,28.1,29.2,30.4
1735228,Taxiatosh tumani,Тахиаташский район,Takhiatash district,Тахиатош тумани,0.0,0.0,0.0,0.0,0.0,0.0,0.0,0.0,41.8,42.2,41.1,40.8,42.0,41.7,42.2,43.1
1735230,Taxtako‘pir tumani,Тахтакупырский район,Takhtakupyr district,Тахтакўпир тумани,22.5,22.7,22.4,22.4,22.7,22.8,23.1,23.4,22.7,23.1,23.2,22.9,20.6,20.0,20.7,21.3
1735233,To‘rtko‘l tumani,Турткульский район,Turtkul district,Тўрткўл тумани,102.3,106.4,108.2,109.6,111.3,113.0,114.8,116.2,119.6,118.5,119.7,117.4,114.0,115.4,119.7,126.6
1735236,Xo‘jayli tumani,Ходжейлийский район,Khojeyli district,Хўжайли тумани,106.7,105.0,105.1,106.6,108.3,109.6,111.2,112.5,68.9,69.5,68.3,64.2,62.6,62.3,64.4,65.7
1735240,Chimboy tumani,Чимбайский район,Chimbay district,Чимбой тумани,59.1,60.9,61.6,62.5,63.2,63.6,64.3,65.1,65.8,66.3,65.8,61.7,61.7,60.0,59.9,63.4
1735243,Shumanay tumani,Шуманайский район,Shumanai district,Шуманай тумани,26.4,30.1,30.2,30.8,31.2,31.3,31.7,32.1,32.9,33.1,33.4,33.3,31.7,30.3,32.4,33.7
1735250,Ellikkala tumani,Элликкалинский район,Ellikkala district,Елликкала тумани,75.1,77.5,78.9,80.0,81.4,82.9,84.5,85.5,87.5,87.1,87.4,87.0,87.9,89.0,89.6,100.6
1703,Andijon viloyati,Андижанская область,Andijan region,Aндижон вилояти,1561.2,1597.4,1606.8,1641.7,1667.9,1691.2,1709.1,1722.2,1733.3,1741.7,1754.8,1745.3,1780.8,1799.6,1807.4,1870.3
1703401,Andijon shahri,Город Андижан,Andijan city,Aндижон шаҳри,256.6,231.4,232.9,237.9,243.3,246.8,249.4,250.9,254.2,255.5,274.6,278.2,285.7,296.4,288.1,300.0
1703408,Xonobod shahri,Город Ханабад,Khanabadcity,Хонобод шаҳри,23.0,22.6,22.8,23.4,23.8,24.0,24.3,24.4,23.5,23.6,23.9,24.3,23.5,23.2,24.0,24.6
1703202,Oltinko‘l tumani,Алтынкульский район,Altynkul  district,Олтинкўл тумани,82.7,88.9,89.5,91.5,92.9,94.3,95.3,96.0,95.9,96.4,97.1,97.4,97.7,96.2,100.9,100.7
1703203,Andijon tumani,Андижанский район,Andijan district,Aндижон тумани,125.0,130.8,131.6,134.4,136.6,138.2,139.7,140.8,142.7,143.5,142.5,145.3,145.2,145.9,147.4,151.2
1703206,Baliqchi tumani,Балыкчинский район,Balykchi district,Балиқчи тумани,93.9,101.2,101.7,103.7,105.3,106.9,108.0,108.9,110.5,110.9,109.7,110.2,113.2,112.7,114.2,117.7
1703209,Bo‘ston tumani,Бустонский район,Bustan district,Бўстон тумани,32.8,36.2,36.5,37.3,39.0,39.5,39.9,40.2,40.3,40.6,40.9,39.3,40.7,41.0,41.9,43.1
1703210,Buloqboshi tumani,Булакбашинский район,Bulakbashi district,Булоқбоши тумани,69.2,73.0,73.3,75.0,75.1,76.2,77.0,77.6,79.3,79.7,80.3,79.4,80.6,80.5,81.8,92.2
1703211,Jalaquduq tumani,Жалакудукский район,Jalаquduk district,Жалақудуқ тумани,90.5,96.0,96.5,98.5,100.1,101.5,102.6,103.3,103.3,103.8,103.4,102.0,104.7,107.5,107.0,107.2
1703214,Izboskan tumani,Избасканский район,Izbaskan district,Избоскан тумани,117.9,120.2,121.0,123.7,125.6,127.3,128.7,129.5,129.8,130.4,130.6,126.3,130.6,129.7,130.8,138.3
1703217,Ulug‘nor tumani,Улугноpский район,Ulugnor district,Улуғнор тумани,29.3,30.7,30.5,31.3,32.1,32.5,32.8,33.2,32.8,32.8,33.1,33.5,33.8,33.4,34.6,33.4
1703220,Qo‘rg‘ontepa tumani,Кургантепинский район,Kurgantepa district,Қўрғонтепа тумани,104.0,110.1,110.6,113.0,114.8,116.3,117.5,118.5,119.3,120.0,119.9,117.9,119.3,120.5,118.8,128.5
1703224,Asaka tumani,Асакинский район,Asaka district,Aсака тумани,158.4,164.0,165.0,168.7,171.2,173.7,175.5,177.0,178.8,179.6,176.9,172.7,182.5,184.2,186.1,187.4
1703227,Marxamat tumani,Мархаматский район,Markhamat district,Мархамат тумани,84.2,88.1,88.8,90.7,91.6,93.0,94.0,94.7,96.1,96.5,96.3,96.0,95.7,98.4,98.9,104.3
1703230,Shaxrixon tumani,Шахриханский район,Shakhrikhan district,Шахрихон тумани,145.2,150.4,151.6,155.0,156.5,158.7,160.4,161.8,162.9,163.7,161.8,160.0,163.2,167.9,167.3,170.6
1703232,Paxtaobod tumani,Пахтаабадский район,Pakhtaabad district,Пахтаобод тумани,92.3,97.4,97.8,99.8,101.4,102.9,104.0,104.7,103.5,104.0,102.7,100.9,103.8,99.7,100.5,105.2
1703236,Xo‘jaobod tumani,Ходжаабадский район,Khojaabad district,Хўжаобод тумани,56.2,56.4,56.7,57.8,58.6,59.4,60.0,60.7,60.4,60.7,61.1,61.9,60.6,62.4,65.1,65.9
1706,Buxoro viloyati,Бухарская область,Bukhara region,Бухоро вилояти,987.6,1008.3,1025.7,1035.1,1045.0,1055.8,1065.4,1073.1,1077.8,1081.0,1067.1,1072.3,1074.7,1089.2,1085.3,1134.7
1706401,Buxoro shahri,Город Бухара,Bukhara city,Бухоро шаҳри,209.6,152.4,155.0,156.4,159.1,160.6,162.1,163.5,159.2,158.9,189.2,184.8,192.2,200.7,196.0,212.3
1706403,Kogon shahri,Город Каган,Kagan city,Когон шаҳри,39.1,40.5,41.2,41.6,42.1,42.7,43.1,43.3,34.4,33.6,33.5,33.7,34.3,34.3,35.4,36.2
1706204,Olot tumani,Алатский район,Alat district,Олот тумани,48.4,51.1,52.0,52.5,52.9,53.6,54.1,54.4,54.7,54.7,51.6,54.1,51.9,52.7,52.5,52.2
1706207,Buxoro tumani,Бухарский район,Bukhara district,Бухоро тумани,60.5,83.3,84.7,85.5,86.1,86.9,87.7,88.3,90.5,91.4,88.3,85.8,88.7,89.3,90.1,107.4
1706212,Vobkent tumani,Вабкентский район,Vobkent district,Вобкент тумани,70.0,71.7,72.9,73.6,74.2,75.0,75.7,75.9,76.8,76.6,78.3,78.2,79.5,78.5,78.0,75.5
1706215,G‘ijduvon tumani,Гиждуванский район,Gijduvan district,Ғиждувон тумани,120.5,154.3,157.0,158.4,160.1,161.4,162.9,163.8,167.6,168.6,161.3,163.8,160.6,163.8,164.8,158.7
1706219,Kogon tumani,Каганский район,Kagan district,Когон тумани,40.7,43.0,43.7,44.1,44.4,45.0,45.4,45.6,41.9,41.9,43.4,43.3,43.9,44.3,44.1,45.2
1706230,Qorako‘l tumani,Каракульский район,Karakul district,Қоракўл тумани,82.9,84.8,86.3,87.1,87.9,88.8,89.6,90.3,90.5,90.1,84.1,87.0,87.8,88.2,87.9,91.0
1706232,Qorovulbozor tumani,Караулбазарский район,Qorovulbozor district,Қоровулбозор тумани,14.7,14.8,15.1,15.2,15.0,15.3,15.4,15.8,24.3,28.2,20.1,20.2,19.6,19.5,20.1,20.4
1706240,Peshku tumani,Пешкунский  район,Peshkun district,Пешку тумани,58.5,61.8,62.9,63.5,63.6,64.2,64.8,65.3,66.8,66.9,65.2,66.8,65.1,64.7,63.0,66.2
1706242,Romitan tumani,Ромитанский район,Romitan district,Ромитан тумани,74.1,76.4,77.7,78.4,79.1,79.9,80.6,81.2,76.7,77.8,74.1,78.0,76.4,76.3,76.2,86.3
1706246,Jondor tumani,Жондоpский район,Jondor  district,Жондор тумани,79.8,85.3,86.8,87.6,88.2,89.1,89.9,90.6,96.5,94.4,84.5,83.5,81.9,84.1,86.0,89.0
1706258,Shofirkon tumani,Шафирканский район,Shafirkan district,Шофиркон тумани,88.8,88.9,90.4,91.2,92.3,93.3,94.1,95.1,97.9,97.9,93.5,93.1,92.8,92.8,91.2,94.3
1708,Jizzax viloyati,Джизакская область,Jizzakh region,Жиззах вилояти,652.1,678.7,695.5,708.8,723.0,734.7,746.1,756.2,765.7,764.1,773.8,782.6,791.0,799.4,802.0,826.8
1708401,Jizzax shahri,Город Джизак,Jizzakh city,Жиззах шаҳри,106.9,111.3,114.0,116.2,118.6,120.1,122.0,125.6,101.9,102.8,122.0,127.4,131.6,129.9,128.2,131.9
1708201,Arnasoy tumani,Арнасайский район,Arnasay district,Aрнасой тумани,24.5,25.5,26.2,26.7,27.1,27.7,28.2,28.6,26.2,26.5,26.8,26.8,25.0,26.1,26.5,27.2
1708204,Baxmal tumani,Бахмальский район,Bakhmal district,Бахмал тумани,65.7,68.9,70.5,71.9,73.5,74.7,75.9,78.3,84.8,84.5,83.0,81.8,84.0,83.7,85.0,87.2
1708209,G‘allaorol tumani,Галляаральский район,Gallaaral district,Ғаллаорол тумани,75.3,78.5,80.5,81.9,83.6,84.6,85.9,87.6,94.0,93.7,93.4,94.8,92.5,92.3,94.2,95.1
1708212,Sharof Rashidov tumani,Шароф-Рашидовский  район,Sharof Rashidov  district,Шароф Рашидов тумани,89.6,93.5,95.8,97.7,99.8,101.2,102.8,105.0,119.6,117.6,115.3,112.7,116.7,121.4,124.2,127.9
1708215,Do‘stlik tumani,Дустликский район,Dustlik district,Дўстлик тумани,31.7,33.1,33.8,34.5,35.3,35.8,36.4,36.7,36.9,37.3,35.8,37.9,37.2,37.7,37.6,36.4
1708218,Zomin tumani,Зааминский район,Zomin district,Зомин тумани,75.7,78.9,80.8,82.2,83.9,85.3,86.6,88.3,89.4,89.2,89.5,90.9,90.2,91.5,93.4,95.6
1708220,Zarbdor tumani,Зарбдарский район,Zarbdar district,Зарбдор тумани,29.5,30.5,31.3,31.9,32.4,33.1,33.6,34.5,46.0,46.3,44.8,46.6,46.1,46.8,47.9,49.3
1708223,Mirzacho‘l tumani,Мирзачульский район,Mirzachul district,Мирзачўл тумани,30.4,31.5,32.3,32.9,33.2,33.7,34.2,28.6,29.3,29.6,29.8,30.1,30.2,30.9,31.8,32.7
1708225,Zafarobod tumani,Зафарабадский район,Zafarabad district,Зафаробод тумани,26.5,27.5,28.2,28.9,29.4,30.0,30.5,30.7,27.3,27.6,26.9,27.2,28.3,28.5,29.1,30.4
1708228,Paxtakor tumani,Пахтакорский район,Pakhtakor district,Пахтакор тумани,36.0,37.2,38.0,38.7,39.5,40.3,40.9,41.5,42.1,42.4,39.8,41.2,43.2,43.6,36.6,45.7
1708235,Forish tumani,Фаришский район,Farish district,Фориш тумани,47.5,49.1,50.3,51.4,52.5,53.5,54.3,55.7,52.3,50.7,50.4,49.3,49.9,50.2,50.5,51.9
1708237,Yangiobod tumani,Янгиободский район,Yangiabad district,Янгиобод тумани,12.8,13.2,13.8,13.9,14.1,14.6,14.8,15.1,15.9,15.9,16.3,15.9,16.1,16.8,17.0,15.5
1710,Qashqadaryo viloyati,Кашкадарьинская область,Kashkadarya region,Қашқадарё вилояти,1493.4,1569.8,1612.7,1654.2,1692.5,1725.7,1758.1,1784.6,1806.8,1813.8,1809.8,1811.0,1813.4,1826.7,1888.5,1896.6
1710401,Qarshi  shahri,Город Карши,Karshi city,Қарши шаҳри,156.6,164.9,170.5,173.2,173.9,176.1,179.4,182.1,156.3,157.8,176.2,180.8,179.1,180.5,184.1,187.8
1710405,Shahrisabz shahri,Город Шахрисабз,Shakhrisabz city,Шаҳрисабз шаҳри,0.0,0.0,0.0,0.0,0.0,0.0,0.0,0.0,82.6,82.7,81.3,79.8,81.7,80.7,82.4,81.2
1710240,Ko‘kdala tumani,Кукдалинский район,Kukdala district,Кўкдала тумани,0.0,0.0,0.0,0.0,0.0,0.0,0.0,0.0,0.0,0.0,0.0,0.0,0.0,91.5,94.4,96.8
1710207,G‘uzor tumani,Гузарский район,Gissar district,Ғузор тумани,88.9,94.5,96.6,99.5,103.5,104.9,106.9,108.5,112.2,111.6,111.4,111.9,109.2,109.4,115.6,113.6
1710212,Dehqonobod tumani,Дехканабадский район,Dehkanabad district,Деҳқонобод тумани,62.3,66.6,67.9,70.2,73.1,74.6,76.0,77.2,79.0,79.6,79.4,77.8,80.6,80.5,83.6,82.5
1710220,Qamashi tumani,Камашинский район,Kamashi district,Қамаши тумани,118.8,124.8,128.1,130.9,135.1,137.5,140.1,142.2,149.0,148.6,146.5,145.4,146.6,146.5,152.4,153.0
1710224,Qarshi tumani,Каршинский район,Karshi district,Қарши тумани,114.3,122.3,125.1,128.2,130.7,133.1,135.6,137.7,139.7,138.6,135.3,137.8,137.1,140.5,147.6,144.3
1710229,Koson tumani,Касанский район,Kasan district,Косон тумани,122.4,126.7,130.1,134.0,137.0,141.0,143.6,145.8,156.9,158.4,155.8,158.4,156.5,157.8,163.3,167.6
1710232,Kitob tumani,Китабский район,Kitab district,Китоб тумани,122.7,128.1,131.6,133.9,137.2,139.3,141.9,144.0,145.4,146.1,145.9,143.4,145.0,143.7,148.0,146.3
1710233,Mirishkor tumani,Миришкорский район,Mirishkor district,Миришкор тумани,58.7,61.5,63.6,64.4,64.7,64.8,66.0,67.0,67.5,68.1,67.6,69.9,68.1,69.1,72.1,75.6
1710234,Muborak tumani,Мубарекский район,Mubarek district,Муборак тумани,52.8,56.5,57.9,58.5,58.5,58.6,59.7,60.6,55.3,59.6,47.8,48.5,45.2,44.8,46.3,46.8
1710235,Nishon tumani,Нишанский  район,Nishon district,Нишон тумани,63.5,66.8,69.2,71.3,71.7,72.0,73.3,74.4,82.6,82.9,83.1,84.4,85.4,87.4,88.5,86.7
1710237,Kasbi tumani,Касбинский район,Kasbi district,Касби тумани,85.8,90.5,93.2,96.0,98.2,100.5,102.4,103.9,109.7,110.2,108.9,109.1,109.5,110.9,115.5,112.1
1710242,Chiroqchi tumani,Чиракчинский район,Chirakchi district,Чироқчи тумани,160.1,168.1,173.6,182.8,187.5,195.2,198.9,201.9,208.6,206.7,206.0,206.3,212.0,121.5,125.7,129.2
1710245,Shahrisabz tumani,Шахрисабзский район,Shakhrisabz district,Шаҳрисабз тумани,168.1,174.7,177.6,180.4,186.4,190.1,193.7,196.6,118.4,120.3,120.8,117.4,117.2,118.7,122.1,124.8
1710250,Yakkabog‘ tumani,Яккабагский район,Yakkabag district,Яккабоғ тумани,118.4,123.8,127.7,130.9,135.0,138.0,140.6,142.7,143.6,142.6,143.8,140.1,140.2,143.2,146.9,148.3
1712,Navoiy viloyati,Навоийская область,Navoi region,Навоий вилояти,531.6,541.9,544.1,546.8,543.1,540.3,543.5,547.2,552.0,555.8,555.2,564.5,570.6,584.5,597.4,610.8
1712401,Navoiy shahri,Город Навои,Navoi city,Навоий шаҳри,97.9,99.7,101.0,101.5,101.3,101.0,101.6,102.9,105.7,109.2,126.2,132.8,130.7,138.4,142.7,149.5
1712408,Zarafshon shahri,Город Заpафшан,Zarafshan city,Зарафшон шаҳри,53.2,54.2,55.3,55.5,55.7,55.8,56.1,56.8,56.3,58.3,55.6,58.3,56.1,56.2,57.4,53.9
1712412,G‘ozg‘on shahri,Город Газган,Gazgan city,Ғозғон шаҳри,0.0,0.0,0.0,0.0,0.0,0.0,0.0,0.0,0.0,0.0,3.8,4.9,4.9,4.8,4.9,5.5
1712211,Konimex tumani,Канимехский  район,Kanimekh district,Конимех тумани,22.5,22.8,21.7,21.9,21.8,21.6,21.7,21.8,17.3,17.9,18.0,21.5,22.7,25.4,26.3,27.7
1712216,Qiziltepa tumani,Кызылтепинский район,Kyzyltepa district,Қизилтепа тумани,66.6,67.8,68.0,68.4,67.6,67.2,67.6,67.8,84.2,79.8,74.2,70.0,72.1,73.4,75.4,76.5
1712230,Navbahor tumani,Навбахорский район,Navbahor district,Навбаҳор тумани,47.0,47.9,48.1,48.4,48.3,48.1,48.4,48.7,48.9,49.3,45.9,47.2,48.8,49.7,49.2,55.0
1712234,Karmana tumani,Карманинский район,Karmana district,Кармана тумани,63.3,64.8,66.0,66.4,66.0,65.8,66.2,66.8,61.1,60.5,60.9,62.4,62.5,62.6,63.8,64.7
1712238,Nurota tumani,Нуратинский район,Nurota district,Нурота тумани,52.2,53.2,53.6,54.1,53.9,53.6,53.9,54.4,49.6,48.3,46.8,43.6,46.0,46.0,46.7,43.5
1712244,Tomdi tumani,Тамдынский район,Tomdy district,Томди тумани,13.8,14.1,12.9,12.9,12.6,12.5,12.6,12.7,11.0,11.3,8.1,8.5,8.8,8.7,8.6,9.2
1712248,Uchquduq tumani,Учкудукский район,Uchkuduk district,Учқудуқ тумани,28.7,29.3,29.1,29.3,29.1,28.9,29.1,29.2,25.2,25.6,27.0,27.5,26.9,26.4,28.6,32.2
1712251,Xatirchi tumani,Хатырчинский район,Khatyrchi district,Хатирчи тумани,86.4,88.1,88.4,88.4,86.8,85.8,86.3,86.1,92.7,95.6,88.7,87.8,91.1,92.9,93.8,93.1
1714,Namangan viloyati,Наманганская область,Namangan region,Наманган вилояти,1350.6,1436.5,1468.4,1480.0,1492.5,1515.0,1534.0,1549.5,1564.2,1573.9,1580.4,1586.1,1588.3,1603.9,1632.4,1653.6
1714401,Namangan shahri,Город Наманган,Namangan city,Наманган шаҳри,279.6,301.1,316.4,317.9,320.9,325.6,339.4,343.1,335.6,337.8,339.8,355.6,355.4,354.0,349.5,360.0
1714204,Mingbuloq tumani,Мингбулакский район,Mingbulak district,Мингбулоқ тумани,60.5,64.0,65.5,67.2,67.9,69.5,69.4,70.0,71.7,72.2,72.8,73.6,74.6,75.2,77.5,78.5
1714207,Kosonsoy tumani,Касансайский район,Kasansay district,Косонсой тумани,95.0,101.0,102.2,102.8,103.2,104.8,112.5,113.3,114.7,115.4,116.4,114.9,115.7,116.1,120.2,122.1
1714212,Namangan tumani,Наманганский район,Namangan district,Наманган тумани,105.1,111.3,112.9,113.7,114.8,116.6,95.9,97.1,99.3,100.0,100.7,98.3,99.7,100.9,105.3,107.2
1714216,Norin tumani,Нарынский район,Naryn district,Норин тумани,80.6,85.1,87.4,89.0,89.8,91.5,91.3,92.2,90.7,91.2,91.3,90.6,90.1,90.9,91.9,92.7
1714219,Pop tumani,Папский район,Pop district,Поп тумани,105.6,111.3,113.4,114.1,115.5,117.0,120.4,121.5,125.3,126.1,125.3,125.4,124.4,125.4,128.3,131.3
1714224,To‘raqo‘rg‘on tumani,Туракурганский район,Turakurgan district,Тўрақўрғон тумани,103.7,108.1,112.0,112.6,113.6,114.9,121.0,122.5,126.5,127.2,126.5,122.5,123.4,126.9,129.6,132.7
1714229,Uychi tumani,Уйчинский район,Uychi district,Уйчи тумани,107.8,114.0,115.3,115.9,117.2,118.1,114.5,115.9,116.1,116.9,118.1,120.3,120.8,122.5,126.8,125.8
1714234,Uchqo‘rg‘on tumani,Учкурганский район,Uchkurgan district,Учқўрғон тумани,87.0,93.0,93.5,94.6,95.1,97.3,95.4,96.4,96.1,96.7,97.9,96.8,98.6,99.2,101.4,99.8
1714236,Chortoq tumani,Чартакский район,Chartak district,Чортоқ тумани,94.5,101.1,102.0,103.0,103.9,105.0,108.7,109.5,111.3,111.9,111.1,110.9,110.1,113.0,115.5,118.3
1714237,Chust tumani,Чустский район,Chust district,Чуст тумани,127.7,136.1,136.8,137.5,138.3,140.6,146.2,147.3,152.2,153.1,154.7,151.8,150.6,152.2,155.6,156.0
1714242,Yangiqo‘rg‘on tumani,Янгикурганский район,Yangikurgan district,Янгиқўрғон тумани,103.5,110.4,111.0,111.7,112.3,114.1,119.3,120.7,124.7,125.4,125.8,125.4,124.9,127.6,130.8,129.2
1718,Samarqand viloyati,Самаркандская область,Samarkand region,Самарқанд вилояти,1815.7,1902.6,1943.7,1973.8,2003.8,2033.6,2058.2,2079.6,2103.4,2117.1,2125.2,2122.0,2164.8,2167.6,2190.9,2239.0
1718401,Samarqand shahri,Город Самарканд,Samarkand city,Самарқанд шаҳри,335.4,343.8,351.6,356.9,362.0,367.5,372.2,375.8,312.6,314.9,339.9,367.1,366.9,369.3,370.2,382.3
1718406,Kattaqo'rg'on shahar,Город  Каттакурган,Kattaqo'rg'on city,Каттақўрғон шаҳар,50.5,55.5,56.7,57.7,58.7,59.4,60.1,60.5,49.3,49.7,49.1,49.2,50.6,50.3,53.3,54.5
1718203,Oqdaryo tumani,Акдарьинский район,Akdarya district,Оқдарё тумани,78.9,83.8,85.6,86.9,88.2,89.6,90.7,91.7,87.7,88.4,88.3,87.3,90.2,90.8,92.8,95.2
1718206,Bulung‘ur tumani,Булунгурский район,Bulungur district,Булунғур тумани,71.4,75.8,77.6,78.6,79.8,80.9,81.9,82.8,101.5,102.1,101.1,94.5,103.5,104.6,106.1,107.0
1718209,Jomboy tumani,Джамбайский район,Jomboy district,Жомбой тумани,72.0,76.1,78.1,79.3,80.5,81.6,82.5,83.4,92.6,93.3,91.9,89.6,92.5,92.6,94.3,97.2
1718212,Ishtixon tumani,Иштыханский район,Ishtykhan district,Иштихон тумани,98.2,103.3,105.5,107.1,108.7,110.3,111.6,112.8,135.6,136.6,133.6,130.3,132.7,131.0,133.6,137.4
1718215,Kattaqo‘rg‘on tumani,Каттакурганский район,Kattakurgan district,Каттақўрғон тумани,117.5,122.7,125.3,127.3,129.2,131.1,132.6,134.1,150.3,151.2,147.4,144.8,147.9,146.8,150.5,151.4
1718216,Qo‘shrabot tumani,Кошрабадский район,Koshrabad district,Қўшработ тумани,54.2,58.6,59.9,60.9,61.9,62.7,63.5,64.3,69.4,69.9,70.4,67.9,67.5,68.3,70.0,72.0
1718218,Narpay tumani,Нарпайский район,Narpai district,Нарпай тумани,94.9,99.1,101.2,102.8,104.4,105.9,107.1,108.2,116.0,116.9,117.9,116.6,118.5,119.0,120.3,123.3
1718224,Payariq tumani,Пайарыкский район,Payaryk district,Паяриқ тумани,112.6,119.0,121.4,123.3,125.1,127.0,128.5,129.8,134.0,135.0,132.9,130.3,129.1,129.4,130.0,134.0
1718227,Pastdarg‘om tumani,Пастдаргомский район,Pastdargom district,Пастдарғом тумани,149.3,157.6,160.7,163.3,165.8,168.4,170.4,172.2,189.8,190.2,187.6,184.5,188.4,188.0,187.6,186.2
1718230,Paxtachi tumani,Пахтачийский район,Pakhtachi district,Пахтачи тумани,71.9,78.0,79.7,80.9,82.2,83.5,84.5,85.4,77.4,78.1,77.6,76.7,74.3,74.4,75.4,77.3
1718233,Samarqand tumani,Самаркандский район,Samarkand district,Самарқанд тумани,158.2,163.5,166.9,169.6,172.1,174.9,176.9,178.8,135.0,136.1,134.4,133.7,136.8,138.0,140.2,142.0
1718235,Nurobod tumani,Нурабадский район,Nurabad district,Нуробод тумани,61.1,64.9,66.5,67.5,68.6,69.4,70.3,71.2,77.4,78.9,78.7,79.3,80.6,79.8,81.7,83.6
1718236,Urgut tumani,Ургутский район,Urgut district,Ургут тумани,203.4,209.3,213.4,216.7,220.1,223.5,226.3,228.5,266.0,266.2,265.1,261.8,273.2,274.2,272.1,281.7
1718238,Tayloq tumani,Тайлякский район,Tailak district,Тайлоқ тумани,86.2,91.6,93.6,95.0,96.5,97.9,99.1,100.1,108.8,109.6,109.3,108.4,112.1,111.1,112.8,113.9
1722,Surxondaryo viloyati,Сурхандарьинская область,Surkhandarya region,Сурхондарё вилояти,1174.1,1245.4,1282.7,1320.2,1353.0,1379.2,1403.1,1423.9,1442.7,1456.9,1452.2,1464.6,1465.4,1486.0,1515.8,1531.4
1722401,Termiz shahri,Город Термез,Termiz  city,Термиз шаҳри,78.4,83.2,85.6,88.6,90.7,92.8,94.3,95.8,114.2,114.8,128.8,128.0,133.2,141.6,145.9,147.2
1722201,Oltinsoy tumani,Алтынсайский район,Altynsay district,Олтинсой тумани,75.4,79.9,82.3,84.7,86.7,88.4,90.0,91.3,97.1,98.1,95.2,97.4,96.7,98.6,100.6,101.3
1722202,Angor tumani,Ангорский район,Angor district,Aнгор тумани,59.5,63.3,65.7,66.8,68.7,70.1,71.3,72.8,73.7,74.4,75.2,74.1,73.9,75.6,76.6,78.7
1722203,Bandixon tumani,Бандихонский район,Bandykhan district,Бандихон тумани,0.0,0.0,0.0,0.0,0.0,0.0,0.0,0.0,0.0,0.0,29.1,38.8,36.4,37.1,38.5,39.8
1722204,Boysun tumani,Байсунский район,Baysun district,Бойсун тумани,56.3,59.5,61.7,63.2,64.9,66.2,67.3,68.4,64.3,64.9,64.2,63.1,63.8,62.7,63.8,65.6
1722207,Muzrabot tumani,Музрабадский район,Muzrabad district,Музработ тумани,64.8,68.5,71.3,72.7,74.5,76.3,77.6,78.5,77.0,77.7,76.0,75.3,73.7,75.2,78.7,81.0
1722210,Denov tumani,Денауский район,Denau district,Денов тумани,172.5,183.2,187.5,193.9,198.5,202.3,205.8,208.7,205.0,207.2,207.2,208.2,211.6,212.4,213.3,212.0
1722212,Jarqo‘rg‘on tumani,Джаркурганский район,Jarkurgan district,Жарқўрғон тумани,92.5,98.1,102.1,103.8,105.9,108.0,109.9,111.5,116.0,117.2,117.5,117.9,116.8,121.4,124.4,124.7
1722214,Qumqo‘rg‘on tumani,Кумкурганский район,Kumkurgan district,Қумқўрғон тумани,95.0,100.7,103.8,107.1,109.8,111.6,113.5,115.4,126.7,127.9,122.2,124.8,126.0,127.6,130.2,131.3
1722215,Qiziriq tumani,Кизирикский район,Kizirik district,Қизириқ тумани,77.2,82.4,84.4,87.2,89.2,91.0,92.6,93.7,85.7,86.6,57.6,59.2,58.9,58.7,60.3,62.1
1722217,Sariosiyo tumani,Сариасийский  район,Sariosia district,Сариосиё тумани,91.1,96.4,98.8,102.4,104.8,106.8,108.7,110.3,112.5,113.6,109.9,111.0,110.5,113.2,114.6,113.7
1722220,Termiz tumani,Термезский район,Termiz district,Термиз тумани,50.6,53.6,55.8,57.0,59.0,59.6,60.6,61.6,58.3,59.0,58.2,54.7,53.6,44.2,45.1,47.2
1722221,Uzun tumani,Узунский район,Uzun district,Узун тумани,80.5,85.3,87.2,90.3,92.7,94.5,96.2,97.7,93.3,94.2,93.1,92.8,92.7,94.0,96.1,98.8
1722223,Sherobod tumani,Шерабадский район,Sherabad district,Шеробод тумани,87.3,92.6,95.2,98.0,100.5,102.5,104.3,105.6,106.8,108.0,106.7,107.6,105.9,109.0,110.9,113.9
1722226,Sho‘rchi tumani,Шурчинский район,Shurchi district,Шўрчи тумани,93.0,98.7,101.3,104.5,107.1,109.1,111.0,112.6,112.1,113.3,111.3,111.7,111.7,114.7,116.8,114.1
1724,Sirdaryo viloyati,Сырдарьинская область,Syrdarya region,Сирдарё вилояти,420.7,432.7,441.8,448.7,456.9,464.0,470.2,475.2,480.5,484.5,485.0,489.4,487.4,492.2,503.2,519.0
1724401,Guliston shahri,Город Гулистан,Gulistan city,Гулистон шаҳри,46.3,47.5,48.5,49.6,50.9,51.8,52.5,53.1,61.0,61.7,67.5,69.8,72.7,74.7,75.5,79.9
1724410,Shirin shahri,Город Ширин,Shirin city,Ширин шаҳри,10.0,10.1,10.3,10.5,10.7,10.9,11.0,11.2,11.4,11.4,11.6,11.5,11.5,11.6,12.0,12.4
1724413,Yangiyer shahri,Город Янгиер,Yangier city,Янгийер шаҳри,20.5,21.2,21.6,21.9,22.2,22.5,22.8,23.0,24.6,24.9,26.3,25.3,25.8,25.6,26.6,27.5
1724206,Oqoltin tumani,Акалтынский район,Akaltyn  district,Оқолтин тумани,31.3,32.2,32.9,33.0,33.5,34.0,34.5,34.8,31.2,31.5,26.3,27.7,27.9,27.2,27.7,28.5
1724212,Boyovut tumani,Баяутский район,Bayaut district,Боёвут тумани,63.0,64.6,65.9,67.1,68.3,69.4,70.3,71.1,72.9,73.7,74.1,73.6,71.0,71.5,72.0,73.0
1724216,Sayxunobod tumani,Сайхунабадский район,Saykhunabad district,Сайхунобод тумани,35.3,36.4,37.2,37.8,38.6,39.3,39.8,40.3,43.0,43.5,41.4,42.5,42.1,42.6,44.2,45.3
1724220,Guliston tumani,Гулистанский район,Gulistan district,Гулистон тумани,33.0,34.2,35.0,35.5,36.0,36.5,37.0,37.4,39.3,39.7,37.2,39.3,40.2,40.1,40.9,42.0
1724226,Sardoba tumani,Сардобский район,Sardoba district,Сардоба тумани,31.9,32.8,33.5,34.0,34.5,35.0,35.5,35.8,35.7,35.7,36.8,36.0,35.9,37.2,37.9,40.8
1724228,Mirzaobod tumani,Мирзаабадский район,Mirzaabad district,Мирзаобод тумани,34.9,35.8,36.6,37.3,37.9,38.5,39.0,39.4,38.8,39.1,39.5,40.7,40.8,40.2,42.8,43.9
1724231,Sirdaryo tumani,Сырдарьинский район,Syrdarya district,Сирдарё тумани,66.0,68.0,69.4,70.4,71.7,72.7,73.7,74.4,68.7,69.2,71.5,70.3,70.4,70.7,72.9,73.5
1724235,Xovos tumani,Хавасский район,Khovos district,Ховос тумани,48.5,49.9,50.9,51.6,52.6,53.4,54.1,54.7,53.9,54.1,52.8,52.7,49.1,50.8,50.7,52.2
1727,Toshkent viloyati,Ташкентская область,Tashkent region,Тошкент вилояти,1549.7,1566.9,1579.6,1589.5,1601.9,1609.6,1617.7,1623.9,1627.2,1607.3,1615.4,1622.5,1619.2,1640.7,1671.6,1703.0
1727401,Nurafshon shahri,Город Нурафшон,Nurafshan city,Нурафшон шаҳри,0.0,0.0,0.0,0.0,0.0,0.0,0.0,0.0,27.5,37.8,40.1,39.7,40.6,43.0,43.5,44.7
1727404,Olmaliq shahri,Город Алмалык,Almalyk city,Олмалиқ шаҳри,78.6,80.6,81.2,81.7,82.2,82.7,83.1,83.4,99.4,99.4,100.1,99.0,93.9,91.0,94.1,95.9
1727407,Angren shahri,Город Ангрен,Angren city,Aнгрен шаҳри,99.6,100.8,101.6,102.2,103.1,103.5,104.0,104.5,98.0,98.1,103.5,103.6,90.3,93.8,95.1,96.5
1727413,Bekobod shahri,Город Бекабад,Bekabad city,Бекобод шаҳри,52.8,53.5,54.0,54.3,54.7,54.9,55.2,55.4,55.0,54.1,54.6,55.8,56.0,57.0,57.6,55.0
1727419,Chirchiq shahri,Город Чиpчик,Chirchik city,Чирчиқ шаҳри,94.8,95.8,96.5,97.1,98.0,98.5,99.0,99.4,91.3,91.5,102.2,97.4,102.2,103.1,102.5,106.9
1727415,Ohangaron shahri,Город Ахангаран,Akhangaran city,Оҳангарон шаҳри,0.0,0.0,0.0,0.0,0.0,0.0,0.0,0.0,19.6,20.2,22.0,23.7,22.9,23.4,25.3,27.3
1727424,Yangiyo‘lshahri,Город Янгиюль,Yangiyul city,Янгийўлшаҳри,0.0,0.0,0.0,0.0,0.0,0.0,0.0,0.0,31.6,30.6,33.5,32.9,34.3,38.1,38.3,44.5
1727206,Oqqo‘rg‘on tumani,Аккурганский район,Akkurgan district,Оққўрғон тумани,56.2,56.9,57.4,57.8,58.2,58.4,58.7,58.9,57.5,57.6,56.5,58.0,57.6,58.0,60.4,61.7
1727212,Ohangaron tumani,Ахангаранский район,Akhangaran district,Оҳангарон тумани,69.4,69.5,70.1,70.7,71.2,71.6,72.0,72.2,50.1,53.7,48.9,48.2,51.3,54.1,54.3,54.6
1727220,Bekobod tumani,Бекабадский район,Bekabad district,Бекобод тумани,85.5,86.0,86.7,87.3,87.9,88.5,88.9,89.2,81.6,85.1,80.1,79.5,81.1,81.5,84.2,86.5
1727224,Bo‘stonliq tumani,Бостанлыкский район,Bostanlyk district,Бўстонлиқ тумани,88.9,89.6,90.3,90.9,91.6,92.1,92.6,93.1,93.4,91.6,90.0,91.4,93.2,94.7,94.3,95.5
1727228,Bo‘ka tumani,Букинский район,Buka district,Бўка тумани,65.3,65.9,66.4,66.9,67.4,67.7,68.0,68.2,67.9,66.9,68.3,68.1,67.7,68.3,71.3,71.5
1727233,Quyichirchiq tumani,Куйичирчикский район,Kuyichirchik district,Қуйичирчиқ тумани,59.2,59.7,60.2,60.6,61.0,61.2,61.5,61.7,56.8,52.7,56.2,57.4,60.7,61.3,59.8,65.8
1727237,Zangiota tumani,Зангиатинский район,Zangiata district,Зангиота тумани,186.1,189.0,190.5,191.6,193.2,194.1,195.1,195.7,108.2,100.5,103.9,103.8,97.4,98.0,98.7,101.2
1727239,Yuqorichirchiq tumani,Юкоричирчикский район,Yukorichirchik district,Юқоричирчиқ тумани,70.8,70.8,71.3,71.7,72.2,72.6,73.0,73.2,72.0,68.5,71.0,71.5,70.7,71.3,75.0,76.1
1727248,Qibray tumani,Кибрайский район,Kibray district,Қибрай тумани,101.5,103.3,104.1,104.7,105.6,106.1,106.6,107.2,112.9,105.0,105.8,108.5,104.0,100.7,104.4,104.7
1727249,Parkent tumani,Паркентский район,Parkent district,Паркент тумани,75.2,76.0,76.7,77.1,77.6,78.0,78.4,78.7,83.5,81.7,83.4,83.6,85.7,85.5,83.4,85.5
1727250,Piskent tumani,Пскентский район,Piskent district,Пискент тумани,53.4,53.9,54.3,54.7,55.1,55.3,55.6,55.7,57.4,55.6,56.6,55.6,53.2,56.0,57.6,56.0
1727253,O‘rtachirchiq tumani,Уртачирчикский район,Urtachirchik district,Ўртачирчиқ тумани,102.4,103.7,104.6,105.2,106.1,106.6,107.1,107.6,80.0,74.6,73.6,73.0,75.1,77.0,80.2,81.3
1727256,Chinoz tumani,Чиназский район,Chinaz district,Чиноз тумани,73.0,73.2,73.8,74.2,74.7,75.1,75.5,75.8,71.1,69.7,68.5,69.9,71.3,72.6,74.1,80.6
1727259,Yangiyo‘l tumani,Янгиюльский район,Yangiyul district,Янгийўл тумани,137.0,138.7,139.9,140.8,142.1,142.7,143.4,144.0,113.2,110.4,96.7,106.3,111.9,112.5,116.1,110.2
1727265,Toshkent tumani,Ташкентский район,Tashkent district,Тошкент тумани,0.0,0.0,0.0,0.0,0.0,0.0,0.0,0.0,99.2,102.0,99.9,95.6,98.1,99.8,101.4,101.0
1730,Farg‘ona  viloyati,Ферганская область,Fergana region,Фарғона вилояти,1824.2,1895.2,1931.4,1947.5,1969.5,1996.5,2016.4,2031.1,2043.1,2052.1,2069.3,2083.9,2097.8,2121.7,2143.3,2200.9
1730401,Farg‘ona shahri,Город Фергана,Fergana city,Фарғона шаҳри,165.5,172.0,176.6,178.5,180.3,181.0,182.8,184.2,212.3,213.2,208.2,205.8,204.5,214.9,219.2,224.2
1730405,Qo‘qon shahri,Город Коканд,Kokand city,Қўқон шаҳри,158.0,164.2,167.2,168.5,170.4,172.1,173.8,175.1,128.1,128.6,140.7,142.6,160.8,161.4,161.8,165.8
1730408,Quvasoy shahri,Город Кувасай,Kuvasay city,Қувасой шаҳри,49.9,51.8,52.4,52.9,53.5,54.0,54.5,54.7,51.4,51.6,50.6,51.1,51.9,53.5,54.0,55.4
1730412,Marg‘ilon shahri,Город Маpгилан,Margilan city,Марғилон шаҳри,130.3,135.4,137.9,139.1,140.6,142.4,143.8,144.8,106.4,107.2,114.3,126.3,127.5,126.7,128.0,130.7
1730203,Oltiariq tumani,Алтыарыкский район,Altyaryk district,Олтиариқ тумани,102.5,106.5,108.4,109.1,110.4,112.1,113.2,113.9,118.3,118.9,119.9,118.8,119.1,118.8,121.1,123.5
1730206,Qo‘shtepa tumani,Куштепинский район,Kushtepa district,Қўштепа тумани,87.4,90.6,92.4,93.1,94.2,95.7,96.7,97.4,103.3,103.7,104.9,105.3,107.3,109.4,109.1,111.7
1730209,Bog‘dod tumani,Багдадский район,Baghdad district,Боғдод тумани,97.6,101.4,103.4,104.2,105.5,107.2,108.3,109.3,112.5,113.0,114.7,115.0,113.1,118.7,119.2,122.0
1730212,Buvayda tumani,Бувайдинский район,Buvayda district,Бувайда тумани,95.8,99.6,101.5,102.4,103.6,105.4,106.4,107.5,120.1,120.5,118.9,121.9,125.1,124.2,122.3,130.6
1730215,Beshariq tumani,Бешарыкский район,Besharik district,Бешариқ тумани,103.0,107.1,109.0,109.9,111.2,112.6,113.7,114.4,113.3,113.9,117.9,119.0,120.6,121.7,121.0,126.0
1730218,Quva tumani,Кувинский район,Kuva district,Қува тумани,116.2,120.7,122.4,123.4,124.8,126.7,128.0,128.9,142.1,142.8,143.8,141.8,141.3,139.4,138.3,142.2
1730221,Uchko‘prik tumani,Учкуприкский район,Uchkuprik district,Учкўприк тумани,101.8,105.7,107.7,108.6,110.0,111.4,112.5,113.4,120.5,121.1,120.7,122.3,120.4,122.2,124.5,127.2
1730224,Rishton tumani,Риштанский район,Rishtan district,Риштон тумани,94.1,97.8,99.6,100.4,101.4,103.1,104.1,104.9,109.9,110.3,109.7,108.9,111.4,111.2,111.9,114.6
1730226,So‘x tumani,Сохский район,Sokh district,Сўх тумани,32.8,34.2,34.8,35.1,35.4,36.2,36.6,36.7,41.0,41.2,41.5,42.6,43.2,41.3,45.0,46.3
1730227,Toshloq tumani,Ташлакский район,Tashlak district,Тошлоқ тумани,90.3,93.9,95.9,96.6,97.7,99.1,100.1,100.5,109.6,110.0,109.8,109.7,110.3,111.8,111.8,114.2
1730230,O‘zbekiston tumani,Узбекистанский район,Uzbekistan district,Ўзбекистон тумани,108.6,112.8,114.8,115.9,117.2,118.8,120.0,120.8,124.4,124.9,125.9,124.0,118.0,118.9,121.4,124.3
1730233,Farg‘ona tumani,Ферганский район,Fergana district,Фарғона тумани,106.2,110.3,112.4,113.3,114.7,116.6,117.8,118.7,115.3,115.9,112.7,115.2,111.6,114.7,116.5,119.1
1730236,Dang‘ara tumani,Дангаринский район,Dangara district,Данғара тумани,81.4,84.4,86.1,86.7,87.6,89.2,90.1,91.0,91.6,91.9,90.7,89.6,86.7,87.7,89.2,91.2
1730238,Furqat tumani,Фуркатский район,Furkat district,Фурқат тумани,55.5,57.7,58.8,59.2,59.8,60.9,61.5,62.4,64.5,64.7,65.1,63.8,63.0,62.5,64.3,65.9
1730242,Yozyovon tumani,Язъяванский район,Yazyavan district,Ёзёвон тумани,47.3,49.1,50.1,50.6,51.2,52.0,52.5,52.5,58.5,58.7,59.3,60.2,62.0,62.7,64.7,66.0
1733,Xorazm viloyati,Хорезмская область,Khorezm region,Хоразм вилояти,900.4,901.0,918.5,934.2,952.2,969.8,986.7,1000.6,1013.4,1029.6,1044.8,1047.1,1050.9,1064.3,1080.3,1121.4
1733401,Urganch shahri,Город Ургенч,Urgench city,Урганч шаҳри,95.3,95.4,97.2,99.0,101.1,103.1,104.9,106.3,102.1,103.8,129.4,133.6,134.4,137.2,136.2,147.9
1733406,Xiva shahri,Город Хива,Khiva city,Хива шаҳри,0.0,0.0,0.0,0.0,0.0,0.0,0.0,0.0,50.9,51.7,49.4,52.4,53.2,54.0,55.3,58.0
1733204,Bog‘ot tumani,Багатский район,Bagat district,Боғот тумани,76.5,76.5,78.0,78.4,79.7,81.1,82.5,83.5,89.8,91.6,88.3,91.1,90.0,90.3,89.4,91.8
1733208,Gurlan tumani,Гурленский район,Gurlan district,Гурлан тумани,75.5,75.5,77.0,78.3,79.9,81.4,82.8,84.1,80.3,79.5,79.7,80.5,82.8,82.6,83.6,86.7
1733212,Qo‘shko‘pir tumani,Кошкупырский район,Kushkupyr district,Қўшкўпир тумани,78.9,79.0,80.6,81.9,83.4,84.9,86.4,87.5,89.3,85.8,87.2,85.7,87.2,87.6,90.0,92.3
1733217,Urganch tumani,Ургенчский район,Urgench district,Урганч тумани,87.8,87.9,89.6,91.1,92.6,94.5,96.1,97.2,105.4,107.1,96.6,99.5,102.0,103.2,106.7,110.3
1733220,Xazorasp tumani,Хазараспский район,Khazarasp district,Хазорасп тумани,110.5,110.6,112.7,114.7,117.1,119.1,121.2,123.2,125.9,127.1,99.3,94.5,96.8,99.6,100.7,103.4
1733221,Tuproqqal’a tumani,Тупроккалинский район,Tuprakkala district,Тупроққалъа тумани,0.0,0.0,0.0,0.0,0.0,0.0,0.0,0.0,0.0,0.0,34.0,31.9,32.8,32.0,33.3,36.6
1733223,Xonqa tumani,Ханкинский район,Khanka district,Хонқа тумани,84.9,85.0,86.7,88.2,90.6,91.8,93.4,94.6,97.3,101.8,100.2,101.1,97.9,100.2,101.0,103.7
1733226,Xiva tumani,Хивинский район,Khiva district,Хива тумани,108.4,108.5,110.6,112.3,114.3,116.4,118.4,120.1,73.0,75.2,73.7,75.5,73.5,73.8,76.1,78.0
1733230,Shovot tumani,Шаватский район,Shavat district,Шовот тумани,78.6,78.6,80.1,81.9,83.4,85.1,86.6,87.8,89.8,93.7,93.9,91.8,90.6,92.4,93.5,94.6
1733233,Yangiariq tumani,Янгиарыкский район,Yangiaryk district,Янгиариқ тумани,56.3,56.3,57.4,58.5,59.4,60.6,61.7,62.8,63.7,65.1,66.2,64.1,62.7,62.9,64.6,67.1
1733236,Yangibozor tumani,Янгибазарский район,Yangibazar district,Янгибозор тумани,47.7,47.7,48.6,49.9,50.7,51.8,52.7,53.5,45.9,47.2,46.9,45.4,47.0,48.5,49.9,51.0
1726,Toshkent shahri,город Ташкент,Tashkent city,Тошкент шаҳри,1519.2,1536.2,1529.9,1537.0,1534.8,1534.1,1538.2,1544.6,1554.7,1608.2,1750.5,1877.5,1945.6,1991.2,2068.5,2152.2
1726262,Uchtepa tumani,Учтепинский район,Uchtepa district,Учтепа тумани,158.3,160.1,159.8,160.5,160.1,160.1,160.5,161.5,134.4,134.5,157.6,172.1,161.5,156.7,160.3,147.1
1726264,Bektemir tumani,Бектемирский район,Bektemir district,Бектемир тумани,19.9,20.1,20.0,20.3,20.3,20.3,20.4,20.6,35.6,36.1,38.9,41.8,42.6,46.0,50.2,54.8
1726266,Yunusobod tumani,Юнусабадский район,Yunusabad district,Юнусобод тумани,206.6,209.0,207.7,208.7,208.5,208.4,209.0,209.7,196.6,206.8,214.9,225.4,243.6,257.9,262.9,276.8
1726269,Mirzo Ulug‘bek tumani,Мирзо Улугбекский район,Mirzo Ulugbek district,Мирзо Улуғбек тумани,179.3,181.3,180.2,181.1,181.1,181.0,181.5,182.5,165.7,171.5,172.9,183.2,190.3,195.9,198.2,212.5
1726273,Mirobod tumani,Мирабадский район,Mirabad district,Миробод тумани,87.5,88.4,88.8,88.9,89.0,88.9,89.1,89.4,150.1,161.8,191.6,192.5,203.8,202.6,207.1,219.7
1726277,Shayxontoxur tumani,Шайхантахурский район,Shaykhantakhur district,Шайхонтохур тумани,177.8,179.7,179.1,180.0,179.7,179.6,180.1,180.7,197.7,198.9,196.9,209.7,212.9,208.4,212.3,228.7
1726280,Olmazor tumani,Алмазарский район,Almazar district,Олмазор тумани,195.7,197.9,197.0,197.9,197.8,197.7,198.2,199.3,181.2,188.8,203.9,215.5,222.9,230.4,227.9,238.7
1726283,Sirg‘ali tumani,Сергелийский район,Sergeli district,Сирғали тумани,108.8,110.0,109.7,110.5,110.3,110.2,110.5,110.9,106.3,106.2,110.6,87.1,86.3,87.1,98.2,99.9
1726287,Yakkasaroy tumani,Яккасарайский район,Yakkasaray district,Яккасарой тумани,78.3,79.2,79.5,79.5,79.7,79.6,79.8,80.0,100.1,107.3,131.1,140.8,145.0,152.5,158.5,168.1
1726290,Yashnobod tumani,Яшнободский район,Yashnabad district,Яшнобод тумани,151.1,152.8,151.4,152.3,151.2,151.3,151.7,152.1,132.4,133.6,147.6,161.7,165.7,168.2,180.5,179.3
1726292,Yangihayot tumani,Янгихаётский район,Yangikhayot district,Янгиҳаёт тумани,0.0,0.0,0.0,0.0,0.0,0.0,0.0,0.0,0.0,0.0,0.0,48.4,50.6,55.1,62.7,63.3
1726294,Chilonzor tumani,Чиланзарский район,Chilanzar district,Чилонзор тумани,155.9,157.7,156.7,157.3,157.1,157.0,157.4,157.9,154.6,162.7,184.5,199.3,220.4,230.4,249.7,263.3
