year,wb_gdp_deflator,wb_cpi,wb_inflation_cpi_pct,wb_exchange_rate_uzs_usd,wb_real_gdp_growth_pct,wb_real_gdp,wb_real_gdp_per_capita,wb_gdp_current_usd,wb_gni_per_capita_atlas,wb_agriculture_pct_gdp,wb_industry_pct_gdp,wb_services_pct_gdp,wb_population,wb_dependency_ratio,wb_unemployment_pct,wb_participation_pct,wb_participation_female_pct,wb_employment_agriculture_pct,wb_employment_industry_pct,wb_employment_services_pct,wb_capital_formation_pct_gdp,wb_trade_pct_gdp,wb_exports_pct_gdp,wb_imports_pct_gdp,wb_remittances_pct_gdp,wb_current_account_pct_gdp,wb_fdi_pct_gdp,wb_reserves_months,wb_external_debt_usd,wb_revenue_pct_gdp,wb_expense_pct_gdp,wb_net_lending_pct_gdp,wb_poverty_national_pct,wb_poverty_215_pct,wb_gini_index
1987,6.7079525385662e-05,,,,,30905406089.1808,1632.60918153926,8523160592.61112,,25.505152370824,35.3404965345264,31.5266419744032,18930070,76.9161524232238,,,,,,,,,,,,,,,,,,,,,
1988,6.62027425014984e-05,,,,9.13858227515796,33729722052.1123,1733.22868026946,10722799639.3121,,28.0335012937491,34.2945662535748,33.4842707340324,19460630,76.7338817960995,,,,,,,,,,,,,,,,,,,,,
1989,6.71166934028022e-05,,,,3.09129397309782,34772406917.0519,1740.60611634042,11948815258.1132,,31.1355788650726,32.5623819141312,36.3020392207961,19977183,76.5311041209389,,,,,,,,,,,,,,,,,,,,,
1990,6.97877293041349e-05,,,,1.60000000583709,35328765429.7544,1726.30546724627,13362340337.8657,630.0,33.1139918101534,33.3141126843949,34.6378706398934,20464956,76.6016505407828,,56.158,38.24,,,,,,,,,,,,,,,,,,
1991,0.000133104237874575,,,,-0.492000005163135,35154947902.016,1677.00705207512,13800167711.5003,650.0,37.0931919615658,36.6821393582055,26.5388883382914,20962910,76.9292635236091,1.9,56.919,38.977,38.7673883094858,19.4006464021235,41.8319510786276,,,,,,,,,,,,,,,
1992,0.00108100508332577,,,,-11.1999999973161,31217593737.9337,1452.98873488236,12953801760.2414,600.0,35.1391853548148,36.126464760699,29.6291957516167,21485090,77.2832853868679,2.9,57.276,39.363,39.0275801128894,18.9788252729886,41.993594614122,43.9301488105631,,,,,,0.0694776727834706,,59702042.9,,,,,,
1993,0.0127437835852316,,,,-2.30000000438953,30499589080.5909,1387.10439786651,13099920055.9608,590.0,27.5850886870416,31.2326868275451,31.7803709936955,21987955,77.5811998724592,4.9,57.572,39.659,39.079919849079,18.7567088459164,42.1633713050046,14.6502375108632,,,,,,0.366414449820697,,1031699376.2,,,,,,
1994,0.170587684364753,,,,-5.19999999306724,28913610450.5146,1287.14935182537,12899074922.38,570.0,34.3455984808316,24.2530549835382,33.1703083961182,22463291,77.6190343652758,7.3,57.822,39.963,39.5347691393009,18.3871198598417,42.0781110008574,18.2004266495678,,,,,,0.565932056672873,,1247180534.1,,,,,,
1995,0.803372384533888,,,29.775,-0.90000000546128,28653387954.881,1250.27933587957,13350461264.9969,580.0,28.0499215125601,24.1434498738884,34.6629135369945,22917589,77.3436588329064,7.8,57.797,39.933,39.3909225468746,18.2074763370386,42.4016146371995,24.1998260825338,,,,,,-0.179769069574583,,1803493027.6,,,,,,
1996,1.45856477881458,,,40.0666666666666,1.700000003062,29140495550.9913,1247.8810920149,13948892215.5689,590.0,22.3647561421471,26.0832065159454,37.124261006998,23351981,76.7869581513787,10.7,57.502,39.698,39.1551857867856,18.1201652254374,42.724648987777,23.000095157758,,,,,,0.645212527339969,,2394880249.5,,,,,,
1997,2.4224874732642,,,62.9166666666667,5.19999999656406,30655801318.6416,1290.28380529458,14744603773.5849,610.0,28.1986118362458,22.8733761248119,36.5480073298322,23758960,75.8326662845938,10.9,57.408,39.731,38.9458386820337,18.1515966559079,42.9025646620584,18.8993990766049,57.1985913618542,27.1091182703234,30.0894730915308,,,1.13126132489788,,2934807714.9,,,,,,
1998,3.36720806231675,,,94.4916666666667,4.30000000106274,31974000775.669,1324.80194060935,14988971210.8383,610.0,26.8,22.4,36.4,24134929,74.4279490840898,13.3,57.31,39.691,38.2168853127924,18.287488802015,43.495612387546,20.9006339688086,45.4179547762326,22.5642195291768,22.8537352470558,,,0.931351445248341,,3378314688.4,,,,,79.8,44.1
1999,4.85266413152183,,,124.625,4.30000000179402,33348882809.5964,1362.51315204654,17078465982.0282,650.0,29.0229534073079,21.0461041218419,36.5046555109787,24476008,72.6291482627593,13.3,57.299,39.797,37.4199904119504,18.6138513741708,43.9661450470982,17.1003354222844,36.6188588125863,18.1790891922618,18.4397696203245,,,0.7096656112296,,5315552892.0,,,,,,
2000,7.14761590683219,,,236.608333333333,3.83500000014025,34627812465.3912,1397.01202350998,13760513969.314,620.0,30.05590367367,20.2297579555228,37.1943727730679,24787054,70.5343533403284,12.301,56.977,39.638,36.7892194210918,18.7555180517343,44.4552625271739,19.6000122865217,44.0540299791129,24.662704263423,19.3913257156899,,,0.542857629929967,,4952972611.3,,,,,93.8,35.9
2001,10.3811599095306,,,,4.16383824998903,36069658565.9596,1437.5947280451,11401421329.1974,550.0,29.973808702008,19.9520841370069,38.2149310701886,25090283,68.206878584831,11.279,56.763,39.498,36.024472133399,18.9408802232919,45.0346599760646,21.0999939090005,56.776277587152,29.6751060849085,27.1011715022435,,,0.726225245162731,,5216140553.9,,,,27.5,,
2002,15.1028361081615,,,,3.97348819235708,37502882190.1015,1476.49258739973,9687788512.80184,450.0,30.1226812703015,19.3887412418459,37.898311454726,25399980,65.8327687506574,10.256,56.46,39.431,35.2582905545618,19.1609482473908,45.5807611980474,21.1999946310166,58.954524710746,30.9204450887224,28.0340796220236,,,0.674044441759953,,5145986275.0,,,,26.5,93.1,33.0
2003,19.145137861074,,,,4.23262738154382,39090239450.5479,1520.35493285443,10134453435.4603,420.0,28.4620073141,20.445956928078,37.4278748476229,25711259,63.6048706178502,9.22,56.135,39.187,34.4227446011705,19.4393000601376,46.137955338692,20.8,70.4592746850874,38.2375863470134,32.221688338074,,,0.815041487200325,,5328375077.6,,,,27.2,93.3,35.2
2004,22.1927134155856,,,,7.4490006055965,42002071623.9483,1613.64273882937,12030023547.8807,460.0,26.4440094608923,22.3056846912976,37.1821221760052,26029350,61.5072809151456,8.152,55.904,39.056,33.4116704565652,19.8481363464155,46.7401931970193,24.5,76.5956691950086,41.7898866324117,34.8057825625969,,,1.46799380148438,,5212039886.3,,,,26.1,,
2005,26.9488042147179,,,,6.95000719569107,44921218624.152,1704.33893207214,14307509838.8053,520.0,26.3310599495083,26.0120326061017,37.0429682103068,26356975,59.3766906615768,7.092,55.595,38.789,32.3936803534658,20.2648759895523,47.3414436569819,28.0,69.5252584247083,37.8090294786289,31.7162289460794,7.17193652621924,8.02147599172507,1.49216056466347,,4637855219.3,,,,25.8,,
2006,33.2725589473024,,,,7.45141847621767,48268486608.4542,1807.87328626177,17330833852.919,600.0,25.0794086599227,26.8384702412792,37.9585228805817,26699043,57.1652563080568,6.035,55.209,38.555,31.3322878537804,20.7474912278192,47.9202209184004,29.6100809944662,67.4712921717973,36.5136876387581,30.9576045330392,8.180185407437,9.98278095339078,1.19530557570436,,4520245666.3,,,,,,
2007,40.55828442873,,,,9.47300530544537,52840962905.7313,1951.57878907892,22311393927.8817,760.0,23.235899255055,26.8627172756297,39.7591344448386,27076008,55.1243231431766,4.99,54.974,38.426,30.1376511720839,21.3023661646641,48.559982663252,28.2057467186946,74.4141929762327,39.6709294075913,34.7432635686414,7.64888686011818,8.10827572787105,2.99176207276698,,4667749025.5,,,,,,
2008,51.4244916690254,,,,9.02916101784781,57612058529.871,2095.38214534409,29549438883.8338,970.0,19.6896057973097,29.0650709010567,41.3540741805193,27494774,53.4488462806641,4.89,54.898,38.415,28.9317165337553,21.8618159499155,49.2064774543675,32.0363460936417,79.7479920348578,41.1685228048386,38.5794692300191,12.2843587985737,10.775516002095,1.85438789059302,,5076578346.0,,,,,,
2009,60.3011637934267,,,,8.05093332733964,62250366950.6188,2228.0552685669,33689223673.2577,1150.0,18.6326849699042,30.3526438159739,41.365775808294,27939328,52.0994530058547,5.04,55.405,38.895,27.8584255886288,22.4140311486212,49.7275239932175,29.9477879762474,68.673142199791,34.6626309351177,34.0105112646732,6.46524882083396,5.22767728940485,1.81985173937585,,7296457110.2,,,,,,
2010,100.0,100.0,,,7.5971679610016,66979631884.1971,2359.64199067641,55544226552.8467,1460.0,24.0815269392886,22.1622742240766,43.0145644421747,28385506,50.9135971391737,5.36,55.374,38.961,26.9604574395174,22.8214036211282,50.218148399184,25.544196023924,44.1432918113775,21.7681099099648,22.3751819014127,6.18494354622285,4.10238879075232,2.99355724160322,,7986413935.7,,,,17.7,,
2011,121.377077008577,113.77974464766,13.7797446476602,,8.12793681625645,72423694043.5058,2512.68783806993,67404618404.5392,1880.0,26.469076721652,20.9577872359793,42.517157579188,28823196,49.8601391184231,4.96,55.55,38.883,27.2340544475864,22.84965392143,49.9163008256639,24.939068190188,44.3313973754476,21.14783078074,23.1835665947076,7.28053972389326,4.12954871071007,2.39605562355834,,8214908762.9,20.4504022965488,12.7779424393085,6.29483068006773,16.0,,
2012,139.171601583605,128.808686595277,13.2088026688373,,7.35682138899483,77751775857.5986,2657.09909084172,75318846931.3239,2460.0,25.9172267873847,21.6212598815199,42.4028358649983,29261903,49.0804585754969,4.87,55.798,39.101,26.7419149978203,22.8231892949853,50.4348867373135,28.061546236388,39.6570271654711,17.2861568343701,22.3708703311009,8.0829323297038,1.60515911912695,0.988125260232837,,8550628096.6,22.4337451048206,12.7811942899458,7.87789670853213,15.0,,
2013,156.923270463417,144.061481383188,11.8414333622049,2094.98846505376,7.9217749261021,83911096542.085,2823.00205379328,82674178351.6216,2780.0,24.5690997967973,22.4454210400664,43.7890193182563,29724065,48.7263222498675,4.86,55.877,39.191,27.2993593375509,22.8458937425096,49.8547557204896,25.4549637024881,37.5113183619111,16.5044788500077,21.0068395119034,7.79147129024255,1.59150571044043,0.836508133232868,15.1056874610672,10316705357.1,19.2082821510386,13.4093565613914,3.9017763452269,14.1,,
2014,177.477627869396,157.434843486255,9.28309356162695,2310.94815880696,7.71373911707978,90383779619.6224,2990.56339751192,91303765114.0144,3000.0,25.3540246715931,23.1082708333455,42.8265408523764,30222994,48.8305476003008,5.09,56.061,39.275,27.6562830050207,22.8827137262897,49.4610032686896,25.9149119018393,32.1925400076306,14.2075529776278,17.9849870300028,7.4633464579014,2.27365092203661,0.885698410750819,17.1694935734108,12218877368.7,18.5113941370606,13.2547455085531,3.42555205909821,,,
2015,195.230686124013,171.213355163693,8.75188196737508,2567.98721339827,7.94477659311639,97564568986.8161,3172.89899391083,97564568986.8161,3170.0,25.7597922930163,24.0318423015119,42.1671345961934,30749346,49.3359508232811,5.15,56.286,39.447,27.5816950924486,22.9042032680756,49.5141016394757,24.424590799647,27.1724545801626,12.1686103143078,15.0038442658548,4.9640763777428,0.918048539753847,1.06718996650784,19.0907622598069,13571303501.2,17.3563652514993,13.3096957639729,2.31888103169482,,,
2016,211.91956146702,185.134519079165,8.130886695236,2965.25349937684,6.71108022628,104112205483.946,3327.90932206401,97871364319.3985,3230.0,25.7139411156526,24.566866846542,41.9898933993247,31284568,50.0611692979578,5.16,56.447,39.57,27.4220937139458,23.0554068019345,49.5224994841197,23.7962055076888,25.6926479568511,10.8545454664346,14.8381024904165,5.92110004959139,0.217874038430629,1.69905310280349,19.914018921891,15334623459.2,17.3636423845651,12.6164114774292,3.06420505858676,,,
2017,257.782089314789,210.823308306966,13.8757425441635,5113.87894595717,4.70027401956061,109005764429.499,3425.78819696408,72276404057.649,2890.0,24.7588478005735,13.3392465666927,39.5614976850092,31819178,50.8221131406473,5.83,56.468,39.652,27.1539848581967,23.0527389904132,49.7932678560571,26.2597739110439,41.0443062055515,17.8214088937599,23.2228973117917,9.86511688347538,2.04476697126481,2.4880865313219,18.8661574312442,16701437846.8,14.9964001669678,12.2589502018046,1.19225244333732,,,
2018,326.419541594495,247.768363601715,17.5241796514055,8069.60623655914,5.72368380757618,115244909717.475,3559.85436594803,61318332402.7908,2490.0,22.962221977009,29.650867498632,38.1762326664905,32373490,51.7097466682868,5.392,56.552,39.739,26.6493914736113,22.6653905613483,50.6852179650404,33.4959684906661,61.395110017578,23.1429879161057,38.2521221014723,12.4100140915204,-5.85985590733897,1.01875982438812,12.9240353308614,18258516232.9,18.3618721452391,14.0744147200816,2.33543843932854,,,
2019,383.035837319382,283.758541881172,14.5257359560687,8836.7875,6.79331098484522,123073854828.787,3733.50435754861,70170662562.6111,2240.0,21.1335355089228,32.7358467114226,38.8311667329587,32964701,52.7698563917884,4.936,56.626,39.89,26.1766052839745,23.2337102815411,50.5896924101986,37.5511039982581,62.3003782302878,24.3107685844352,37.9896096458527,12.179098017749,-4.80432180452473,3.30121289679898,12.2010067246417,24961864235.4,17.3161342582396,14.3808618361187,0.428914942194539,,,
2020,428.587510773579,320.271824153995,12.8677297362606,10054.2613341653,1.62162281640448,125069648539.719,3723.82133264406,70127127133.2164,2090.0,21.5708620304833,33.3913940291016,38.7460145833136,33586372,53.9511270861508,5.293,55.517,39.097,27.1860834171962,23.4344074033211,49.3795091794828,35.6185340527013,53.1070769988551,20.7641734938368,32.3429035050183,10.1012633712903,-4.31770821939444,2.46444977604592,17.1535876412365,37154092630.0,18.3600418406121,18.0452274411827,-1.62467529778057,,,
2021,483.779335998888,355.018882210762,10.8492397508122,10609.464390809,8.20448512353877,135330969248.223,3951.99657327359,81170051810.5825,2360.0,21.4018272914351,33.2412468981763,39.3194699013371,34243696,55.2497682839009,5.364,56.03,39.587,26.9945200455118,23.6928859187452,49.3126019234068,35.9146303184061,54.7477822134912,20.3020010917247,34.4457811217665,11.4289013918049,-6.03366775527398,2.80927561208071,14.0879268415418,44872282608.6,18.5423647146043,21.8708762446776,-3.99062780630644,17.0,4.4,32.9
2022,551.717951092703,395.656628724737,11.4466436998836,11050.145422363,6.08592335737373,143567108315.461,4109.08421031655,94286355836.1594,2620.0,20.3856963443599,31.893484523486,41.9832790119879,34938955,56.5268870521244,4.456,57.685,41.1,26.5612109703802,23.8986156957819,49.5401658544276,33.3171368327978,60.0483582576289,22.2329593873839,37.815398870245,16.4521404037101,-3.01865917303125,2.81838908878173,11.0213280799862,53592822615.9,20.155434648709,22.0498816046985,-3.39863770838486,14.1,4.4,31.2
2023,628.483844755428,435.050539874052,9.95659071258018,11734.8334198669,6.31603004201926,152634850007.123,4281.20542121225,107526539716.318,2880.0,19.6622079976968,31.1420713958264,44.5611820065481,35652307,57.6444238962333,4.434,57.743,41.24,26.1279176228967,24.1341945506432,49.7378951792477,33.0290737657093,63.102194304905,23.3152321915222,39.7869621133828,13.1771038486206,-7.25129879099619,2.0054127330605,8.8289303287966,61569881480.8,19.3602832692413,22.344366105039,-4.08074522774552,11.0,4.1,34.5
2024,716.909849103634,476.938313750946,9.62825465956682,12652.2868209739,6.67618796188361,162825039488.938,4477.90745486742,121356065241.228,3170.0,17.7295044800399,32.0099854345535,46.3253634726906,36361859,58.6494292141216,4.439,57.701,41.273,25.6474629581127,24.3810594797073,49.97147756218,39.0472249923559,57.5295432552977,21.5670052817339,35.9625379735638,13.6616648886765,-4.71597432187069,2.45125129042312,10.2786124689433,70256401083.6,,,,8.9,2.7,34.6
2025,801.880033168474,518.891660593249,8.79638847052461,12579.3943476702,7.69962477932913,175361956576.381,4732.67835236137,147038081129.405,3670.0,16.5595763193311,32.5442025042326,46.4894145533052,37053428,59.6418459559503,4.622,57.499,41.178,25.1978529929594,24.6114383374347,50.1906943451481,33.277986337555,57.4005392040216,22.0359976818514,35.3645415221702,14.2840818720217,-3.93381123699979,2.99134974013705,,,,,,5.8,2.3,32.7
